booking_id,clinic_id,patient_id,slot_date,start_time,end_time,status
1,1,8,2026-09-30,09:30,10:00,booked
2,1,88,2026-09-30,10:00,10:30,booked
3,1,55,2026-09-30,11:00,11:30,booked
4,1,10,2026-09-30,12:00,12:30,booked
5,1,10,2026-09-30,13:00,13:30,booked
6,1,63,2026-09-30,14:00,14:30,booked
7,1,32,2026-09-30,14:30,15:00,booked
8,1,74,2026-09-30,16:00,16:30,booked
9,1,63,2026-09-30,16:30,17:00,booked
10,2,27,2026-09-30,09:00,09:30,booked
11,2,66,2026-09-30,09:30,10:00,booked
12,2,17,2026-09-30,12:00,12:30,booked
13,2,72,2026-09-30,12:30,13:00,booked
14,2,16,2026-09-30,13:00,13:30,booked
15,2,89,2026-09-30,14:30,15:00,booked
16,2,18,2026-09-30,15:00,15:30,booked
17,2,53,2026-09-30,16:00,16:30,booked
18,2,39,2026-09-30,16:30,17:00,booked
19,3,40,2026-09-30,09:00,09:30,booked
20,3,45,2026-09-30,10:00,10:30,booked
21,3,71,2026-09-30,11:30,12:00,booked
22,3,24,2026-09-30,12:30,13:00,booked
23,3,96,2026-09-30,13:30,14:00,booked
24,3,81,2026-09-30,14:00,14:30,booked
25,3,52,2026-09-30,14:30,15:00,booked
26,3,56,2026-09-30,15:30,16:00,booked
27,3,88,2026-09-30,16:00,16:30,booked
28,3,99,2026-09-30,16:30,17:00,booked
29,4,70,2026-09-30,09:00,09:30,booked
30,4,50,2026-09-30,10:00,10:30,booked
31,4,71,2026-09-30,10:30,11:00,booked
32,4,18,2026-09-30,11:30,12:00,booked
33,4,11,2026-09-30,12:00,12:30,booked
34,4,75,2026-09-30,12:30,13:00,booked
35,4,82,2026-09-30,13:30,14:00,booked
36,4,91,2026-09-30,14:00,14:30,booked
37,4,48,2026-09-30,14:30,15:00,booked
38,4,84,2026-09-30,15:30,16:00,booked
39,4,8,2026-09-30,16:00,16:30,booked
40,4,28,2026-09-30,16:30,17:00,booked
41,5,83,2026-09-30,09:30,10:00,booked
42,5,44,2026-09-30,10:00,10:30,booked
43,5,64,2026-09-30,10:30,11:00,booked
44,5,63,2026-09-30,15:30,16:00,booked
45,5,57,2026-09-30,16:00,16:30,booked
46,6,69,2026-09-30,09:00,09:30,booked
47,6,25,2026-09-30,10:00,10:30,booked
48,6,1,2026-09-30,11:30,12:00,booked
49,6,98,2026-09-30,12:00,12:30,booked
50,6,40,2026-09-30,13:30,14:00,booked
51,6,96,2026-09-30,14:00,14:30,booked
52,6,11,2026-09-30,14:30,15:00,booked
53,6,3,2026-09-30,15:00,15:30,booked
54,6,72,2026-09-30,15:30,16:00,booked
55,6,72,2026-09-30,16:00,16:30,booked
56,6,3,2026-09-30,16:30,17:00,booked
57,7,91,2026-09-30,09:00,09:30,booked
58,7,82,2026-09-30,11:00,11:30,booked
59,7,86,2026-09-30,11:30,12:00,booked
60,7,27,2026-09-30,12:30,13:00,booked
61,7,40,2026-09-30,13:00,13:30,booked
62,7,69,2026-09-30,13:30,14:00,booked
63,7,60,2026-09-30,14:00,14:30,booked
64,7,28,2026-09-30,14:30,15:00,booked
65,7,53,2026-09-30,15:00,15:30,booked
66,7,82,2026-09-30,15:30,16:00,booked
67,7,56,2026-09-30,16:00,16:30,booked
68,7,17,2026-09-30,16:30,17:00,booked
69,8,79,2026-09-30,09:00,09:30,booked
70,8,64,2026-09-30,09:30,10:00,booked
71,8,21,2026-09-30,10:00,10:30,booked
72,8,75,2026-09-30,11:00,11:30,booked
73,8,2,2026-09-30,11:30,12:00,booked
74,8,41,2026-09-30,12:00,12:30,booked
75,8,29,2026-09-30,12:30,13:00,booked
76,8,100,2026-09-30,13:00,13:30,booked
77,8,42,2026-09-30,14:00,14:30,booked
78,8,82,2026-09-30,14:30,15:00,booked
79,8,4,2026-09-30,15:30,16:00,booked
80,8,95,2026-09-30,16:00,16:30,booked
81,8,27,2026-09-30,16:30,17:00,booked
82,9,27,2026-09-30,09:30,10:00,booked
83,9,51,2026-09-30,10:30,11:00,booked
84,9,79,2026-09-30,11:30,12:00,booked
85,9,59,2026-09-30,12:00,12:30,booked
86,9,98,2026-09-30,12:30,13:00,booked
87,9,91,2026-09-30,13:00,13:30,booked
88,9,10,2026-09-30,13:30,14:00,booked
89,9,41,2026-09-30,14:00,14:30,booked
90,9,20,2026-09-30,14:30,15:00,booked
91,9,26,2026-09-30,15:00,15:30,booked
92,9,95,2026-09-30,16:30,17:00,booked
93,10,36,2026-09-30,09:00,09:30,booked
94,10,92,2026-09-30,09:30,10:00,booked
95,10,59,2026-09-30,10:00,10:30,booked
96,10,83,2026-09-30,10:30,11:00,booked
97,10,80,2026-09-30,11:00,11:30,booked
98,10,44,2026-09-30,11:30,12:00,booked
99,10,33,2026-09-30,12:30,13:00,booked
100,10,54,2026-09-30,13:00,13:30,booked
101,10,44,2026-09-30,13:30,14:00,booked
102,10,39,2026-09-30,14:00,14:30,booked
103,10,78,2026-09-30,15:00,15:30,booked
104,10,51,2026-09-30,15:30,16:00,booked
105,11,93,2026-09-30,09:30,10:00,booked
106,11,66,2026-09-30,10:30,11:00,booked
107,11,91,2026-09-30,11:00,11:30,booked
108,11,15,2026-09-30,11:30,12:00,booked
109,11,35,2026-09-30,12:00,12:30,booked
110,11,79,2026-09-30,13:00,13:30,booked
111,11,95,2026-09-30,14:00,14:30,booked
112,11,38,2026-09-30,15:30,16:00,booked
113,11,13,2026-09-30,16:30,17:00,booked
114,12,53,2026-09-30,10:00,10:30,booked
115,12,63,2026-09-30,10:30,11:00,booked
116,12,42,2026-09-30,11:00,11:30,booked
117,12,9,2026-09-30,12:00,12:30,booked
118,12,40,2026-09-30,12:30,13:00,booked
119,12,1,2026-09-30,13:00,13:30,booked
120,12,5,2026-09-30,14:00,14:30,booked
121,12,41,2026-09-30,14:30,15:00,booked
122,12,9,2026-09-30,15:00,15:30,booked
123,12,57,2026-09-30,16:30,17:00,booked
124,13,82,2026-09-30,09:00,09:30,booked
125,13,79,2026-09-30,09:30,10:00,booked
126,13,34,2026-09-30,10:00,10:30,booked
127,13,30,2026-09-30,10:30,11:00,booked
128,13,76,2026-09-30,11:00,11:30,booked
129,13,65,2026-09-30,11:30,12:00,booked
130,13,8,2026-09-30,12:00,12:30,booked
131,13,20,2026-09-30,12:30,13:00,booked
132,13,6,2026-09-30,14:00,14:30,booked
133,13,17,2026-09-30,14:30,15:00,booked
134,13,74,2026-09-30,15:30,16:00,booked
135,13,42,2026-09-30,16:00,16:30,booked
136,13,71,2026-09-30,16:30,17:00,booked
137,14,15,2026-09-30,09:00,09:30,booked
138,14,47,2026-09-30,10:00,10:30,booked
139,14,12,2026-09-30,10:30,11:00,booked
140,14,8,2026-09-30,11:30,12:00,booked
141,14,48,2026-09-30,12:00,12:30,booked
142,14,17,2026-09-30,14:00,14:30,booked
143,14,16,2026-09-30,14:30,15:00,booked
144,14,6,2026-09-30,15:00,15:30,booked
145,14,83,2026-09-30,15:30,16:00,booked
146,14,73,2026-09-30,16:00,16:30,booked
147,14,42,2026-09-30,16:30,17:00,booked
148,15,61,2026-09-30,09:00,09:30,booked
149,15,74,2026-09-30,09:30,10:00,booked
150,15,36,2026-09-30,10:30,11:00,booked
151,15,59,2026-09-30,11:00,11:30,booked
152,15,6,2026-09-30,11:30,12:00,booked
153,15,66,2026-09-30,12:30,13:00,booked
154,15,90,2026-09-30,14:00,14:30,booked
155,15,35,2026-09-30,15:00,15:30,booked
156,15,91,2026-09-30,15:30,16:00,booked
157,15,18,2026-09-30,16:00,16:30,booked
158,15,74,2026-09-30,16:30,17:00,booked
159,16,10,2026-09-30,09:30,10:00,booked
160,16,85,2026-09-30,10:00,10:30,booked
161,16,23,2026-09-30,10:30,11:00,booked
162,16,48,2026-09-30,11:00,11:30,booked
163,16,85,2026-09-30,11:30,12:00,booked
164,16,67,2026-09-30,12:00,12:30,booked
165,16,38,2026-09-30,12:30,13:00,booked
166,16,42,2026-09-30,13:00,13:30,booked
167,16,56,2026-09-30,13:30,14:00,booked
168,16,69,2026-09-30,14:00,14:30,booked
169,16,65,2026-09-30,14:30,15:00,booked
170,16,57,2026-09-30,15:30,16:00,booked
171,16,75,2026-09-30,16:00,16:30,booked
172,16,83,2026-09-30,16:30,17:00,booked
173,17,3,2026-09-30,10:00,10:30,booked
174,17,5,2026-09-30,10:30,11:00,booked
175,17,52,2026-09-30,12:00,12:30,booked
176,17,50,2026-09-30,12:30,13:00,booked
177,17,52,2026-09-30,13:00,13:30,booked
178,17,18,2026-09-30,13:30,14:00,booked
179,17,50,2026-09-30,14:00,14:30,booked
180,17,72,2026-09-30,14:30,15:00,booked
181,17,41,2026-09-30,15:00,15:30,booked
182,17,81,2026-09-30,15:30,16:00,booked
183,17,67,2026-09-30,16:00,16:30,booked
184,17,54,2026-09-30,16:30,17:00,booked
185,18,95,2026-09-30,10:00,10:30,booked
186,18,62,2026-09-30,10:30,11:00,booked
187,18,71,2026-09-30,11:00,11:30,booked
188,18,69,2026-09-30,11:30,12:00,booked
189,18,14,2026-09-30,12:00,12:30,booked
190,18,48,2026-09-30,13:00,13:30,booked
191,18,59,2026-09-30,13:30,14:00,booked
192,18,28,2026-09-30,14:00,14:30,booked
193,18,85,2026-09-30,14:30,15:00,booked
194,18,34,2026-09-30,15:00,15:30,booked
195,18,73,2026-09-30,15:30,16:00,booked
196,18,16,2026-09-30,16:00,16:30,booked
197,19,2,2026-09-30,09:00,09:30,booked
198,19,39,2026-09-30,10:00,10:30,booked
199,19,60,2026-09-30,10:30,11:00,booked
200,19,90,2026-09-30,11:30,12:00,booked
201,19,27,2026-09-30,12:00,12:30,booked
202,19,22,2026-09-30,12:30,13:00,booked
203,19,90,2026-09-30,13:00,13:30,booked
204,19,81,2026-09-30,13:30,14:00,booked
205,19,72,2026-09-30,14:00,14:30,booked
206,19,96,2026-09-30,14:30,15:00,booked
207,19,45,2026-09-30,15:00,15:30,booked
208,19,24,2026-09-30,16:00,16:30,booked
209,19,33,2026-09-30,16:30,17:00,booked
210,20,73,2026-09-30,09:00,09:30,booked
211,20,72,2026-09-30,09:30,10:00,booked
212,20,6,2026-09-30,10:00,10:30,booked
213,20,98,2026-09-30,10:30,11:00,booked
214,20,4,2026-09-30,11:00,11:30,booked
215,20,80,2026-09-30,12:00,12:30,booked
216,20,80,2026-09-30,12:30,13:00,booked
217,20,39,2026-09-30,13:30,14:00,booked
218,20,2,2026-09-30,15:00,15:30,booked
219,20,65,2026-09-30,15:30,16:00,booked
220,20,62,2026-09-30,16:30,17:00,booked
221,1,24,2026-10-01,09:00,09:30,booked
222,1,33,2026-10-01,10:00,10:30,booked
223,1,20,2026-10-01,10:30,11:00,booked
224,1,56,2026-10-01,11:00,11:30,booked
225,1,14,2026-10-01,11:30,12:00,booked
226,1,27,2026-10-01,12:00,12:30,booked
227,1,9,2026-10-01,13:00,13:30,booked
228,1,89,2026-10-01,14:00,14:30,booked
229,1,19,2026-10-01,14:30,15:00,booked
230,1,63,2026-10-01,15:30,16:00,booked
231,1,84,2026-10-01,16:30,17:00,booked
232,2,44,2026-10-01,09:00,09:30,booked
233,2,10,2026-10-01,11:00,11:30,booked
234,2,13,2026-10-01,11:30,12:00,booked
235,2,26,2026-10-01,12:00,12:30,booked
236,2,21,2026-10-01,13:00,13:30,booked
237,2,94,2026-10-01,14:00,14:30,booked
238,2,91,2026-10-01,15:00,15:30,booked
239,2,64,2026-10-01,16:00,16:30,booked
240,3,52,2026-10-01,09:30,10:00,booked
241,3,14,2026-10-01,10:00,10:30,booked
242,3,28,2026-10-01,10:30,11:00,booked
243,3,47,2026-10-01,11:00,11:30,booked
244,3,11,2026-10-01,11:30,12:00,booked
245,3,52,2026-10-01,12:30,13:00,booked
246,3,44,2026-10-01,13:00,13:30,booked
247,3,74,2026-10-01,15:00,15:30,booked
248,3,66,2026-10-01,15:30,16:00,booked
249,3,55,2026-10-01,16:00,16:30,booked
250,3,82,2026-10-01,16:30,17:00,booked
251,4,60,2026-10-01,09:00,09:30,booked
252,4,50,2026-10-01,09:30,10:00,booked
253,4,67,2026-10-01,10:00,10:30,booked
254,4,57,2026-10-01,11:00,11:30,booked
255,4,46,2026-10-01,11:30,12:00,booked
256,4,45,2026-10-01,12:00,12:30,booked
257,4,59,2026-10-01,13:00,13:30,booked
258,4,39,2026-10-01,13:30,14:00,booked
259,4,24,2026-10-01,14:30,15:00,booked
260,4,7,2026-10-01,15:00,15:30,booked
261,5,59,2026-10-01,09:00,09:30,booked
262,5,15,2026-10-01,09:30,10:00,booked
263,5,8,2026-10-01,10:30,11:00,booked
264,5,2,2026-10-01,11:00,11:30,booked
265,5,17,2026-10-01,11:30,12:00,booked
266,5,71,2026-10-01,12:00,12:30,booked
267,5,48,2026-10-01,12:30,13:00,booked
268,5,28,2026-10-01,13:00,13:30,booked
269,5,22,2026-10-01,14:00,14:30,booked
270,5,3,2026-10-01,14:30,15:00,booked
271,5,92,2026-10-01,15:00,15:30,booked
272,5,10,2026-10-01,15:30,16:00,booked
273,5,16,2026-10-01,16:00,16:30,booked
274,6,71,2026-10-01,10:30,11:00,booked
275,6,39,2026-10-01,11:00,11:30,booked
276,6,86,2026-10-01,11:30,12:00,booked
277,6,79,2026-10-01,12:00,12:30,booked
278,6,94,2026-10-01,12:30,13:00,booked
279,6,41,2026-10-01,13:00,13:30,booked
280,6,72,2026-10-01,13:30,14:00,booked
281,6,64,2026-10-01,14:30,15:00,booked
282,6,42,2026-10-01,15:00,15:30,booked
283,6,57,2026-10-01,15:30,16:00,booked
284,6,21,2026-10-01,16:00,16:30,booked
285,6,76,2026-10-01,16:30,17:00,booked
286,7,79,2026-10-01,09:00,09:30,booked
287,7,76,2026-10-01,09:30,10:00,booked
288,7,17,2026-10-01,10:30,11:00,booked
289,7,63,2026-10-01,11:00,11:30,booked
290,7,40,2026-10-01,11:30,12:00,booked
291,7,65,2026-10-01,13:00,13:30,booked
292,7,43,2026-10-01,14:30,15:00,booked
293,7,21,2026-10-01,15:30,16:00,booked
294,7,80,2026-10-01,16:30,17:00,booked
295,8,97,2026-10-01,09:30,10:00,booked
296,8,49,2026-10-01,10:00,10:30,booked
297,8,50,2026-10-01,10:30,11:00,booked
298,8,90,2026-10-01,11:30,12:00,booked
299,8,4,2026-10-01,12:00,12:30,booked
300,8,56,2026-10-01,12:30,13:00,booked
301,8,7,2026-10-01,13:00,13:30,booked
302,8,34,2026-10-01,13:30,14:00,booked
303,8,20,2026-10-01,14:00,14:30,booked
304,8,1,2026-10-01,14:30,15:00,booked
305,8,73,2026-10-01,15:00,15:30,booked
306,8,7,2026-10-01,16:00,16:30,booked
307,8,60,2026-10-01,16:30,17:00,booked
308,9,17,2026-10-01,09:00,09:30,booked
309,9,74,2026-10-01,09:30,10:00,booked
310,9,42,2026-10-01,10:00,10:30,booked
311,9,36,2026-10-01,10:30,11:00,booked
312,9,42,2026-10-01,11:00,11:30,booked
313,9,61,2026-10-01,11:30,12:00,booked
314,9,12,2026-10-01,12:00,12:30,booked
315,9,80,2026-10-01,13:00,13:30,booked
316,9,69,2026-10-01,13:30,14:00,booked
317,9,82,2026-10-01,14:00,14:30,booked
318,9,49,2026-10-01,15:30,16:00,booked
319,10,54,2026-10-01,10:00,10:30,booked
320,10,83,2026-10-01,10:30,11:00,booked
321,10,5,2026-10-01,11:00,11:30,booked
322,10,36,2026-10-01,12:00,12:30,booked
323,10,43,2026-10-01,12:30,13:00,booked
324,10,2,2026-10-01,13:00,13:30,booked
325,10,69,2026-10-01,14:30,15:00,booked
326,10,52,2026-10-01,15:30,16:00,booked
327,10,33,2026-10-01,16:30,17:00,booked
328,11,36,2026-10-01,09:00,09:30,booked
329,11,66,2026-10-01,09:30,10:00,booked
330,11,73,2026-10-01,11:00,11:30,booked
331,11,6,2026-10-01,11:30,12:00,booked
332,11,55,2026-10-01,12:00,12:30,booked
333,11,87,2026-10-01,13:00,13:30,booked
334,11,19,2026-10-01,13:30,14:00,booked
335,11,2,2026-10-01,14:30,15:00,booked
336,11,93,2026-10-01,16:00,16:30,booked
337,12,58,2026-10-01,09:00,09:30,booked
338,12,74,2026-10-01,10:00,10:30,booked
339,12,14,2026-10-01,11:00,11:30,booked
340,12,87,2026-10-01,11:30,12:00,booked
341,12,6,2026-10-01,12:00,12:30,booked
342,12,80,2026-10-01,12:30,13:00,booked
343,12,92,2026-10-01,13:00,13:30,booked
344,12,7,2026-10-01,14:00,14:30,booked
345,12,86,2026-10-01,14:30,15:00,booked
346,12,44,2026-10-01,15:30,16:00,booked
347,12,51,2026-10-01,16:00,16:30,booked
348,12,50,2026-10-01,16:30,17:00,booked
349,13,34,2026-10-01,09:00,09:30,booked
350,13,77,2026-10-01,09:30,10:00,booked
351,13,99,2026-10-01,10:30,11:00,booked
352,13,62,2026-10-01,11:00,11:30,booked
353,13,98,2026-10-01,11:30,12:00,booked
354,13,32,2026-10-01,12:00,12:30,booked
355,13,74,2026-10-01,13:00,13:30,booked
356,13,67,2026-10-01,13:30,14:00,booked
357,13,89,2026-10-01,14:30,15:00,booked
358,13,31,2026-10-01,15:30,16:00,booked
359,13,71,2026-10-01,16:30,17:00,booked
360,14,35,2026-10-01,09:30,10:00,booked
361,14,92,2026-10-01,10:00,10:30,booked
362,14,73,2026-10-01,10:30,11:00,booked
363,14,89,2026-10-01,12:00,12:30,booked
364,14,39,2026-10-01,12:30,13:00,booked
365,14,53,2026-10-01,13:00,13:30,booked
366,14,29,2026-10-01,13:30,14:00,booked
367,14,80,2026-10-01,14:00,14:30,booked
368,14,8,2026-10-01,15:00,15:30,booked
369,14,100,2026-10-01,15:30,16:00,booked
370,14,74,2026-10-01,16:00,16:30,booked
371,15,93,2026-10-01,09:00,09:30,booked
372,15,3,2026-10-01,10:00,10:30,booked
373,15,27,2026-10-01,10:30,11:00,booked
374,15,8,2026-10-01,11:00,11:30,booked
375,15,47,2026-10-01,11:30,12:00,booked
376,15,20,2026-10-01,12:00,12:30,booked
377,15,13,2026-10-01,12:30,13:00,booked
378,15,29,2026-10-01,13:00,13:30,booked
379,15,83,2026-10-01,13:30,14:00,booked
380,15,91,2026-10-01,14:00,14:30,booked
381,15,46,2026-10-01,14:30,15:00,booked
382,15,45,2026-10-01,15:00,15:30,booked
383,15,42,2026-10-01,15:30,16:00,booked
384,15,85,2026-10-01,16:00,16:30,booked
385,16,84,2026-10-01,09:00,09:30,booked
386,16,44,2026-10-01,09:30,10:00,booked
387,16,55,2026-10-01,10:30,11:00,booked
388,16,35,2026-10-01,11:30,12:00,booked
389,16,47,2026-10-01,12:00,12:30,booked
390,16,89,2026-10-01,12:30,13:00,booked
391,16,71,2026-10-01,13:00,13:30,booked
392,16,50,2026-10-01,13:30,14:00,booked
393,16,92,2026-10-01,14:00,14:30,booked
394,16,56,2026-10-01,15:00,15:30,booked
395,16,40,2026-10-01,16:00,16:30,booked
396,16,28,2026-10-01,16:30,17:00,booked
397,17,5,2026-10-01,09:00,09:30,booked
398,17,20,2026-10-01,10:00,10:30,booked
399,17,24,2026-10-01,10:30,11:00,booked
400,17,18,2026-10-01,11:00,11:30,booked
401,17,89,2026-10-01,11:30,12:00,booked
402,17,56,2026-10-01,12:00,12:30,booked
403,17,23,2026-10-01,15:00,15:30,booked
404,17,44,2026-10-01,16:00,16:30,booked
405,18,11,2026-10-01,09:00,09:30,booked
406,18,93,2026-10-01,09:30,10:00,booked
407,18,61,2026-10-01,10:00,10:30,booked
408,18,44,2026-10-01,10:30,11:00,booked
409,18,91,2026-10-01,11:30,12:00,booked
410,18,25,2026-10-01,12:00,12:30,booked
411,18,9,2026-10-01,12:30,13:00,booked
412,18,79,2026-10-01,13:30,14:00,booked
413,18,99,2026-10-01,14:30,15:00,booked
414,18,22,2026-10-01,16:00,16:30,booked
415,18,39,2026-10-01,16:30,17:00,booked
416,19,100,2026-10-01,10:00,10:30,booked
417,19,78,2026-10-01,10:30,11:00,booked
418,19,68,2026-10-01,11:00,11:30,booked
419,19,96,2026-10-01,11:30,12:00,booked
420,19,100,2026-10-01,12:00,12:30,booked
421,19,65,2026-10-01,13:30,14:00,booked
422,19,39,2026-10-01,15:00,15:30,booked
423,19,66,2026-10-01,16:30,17:00,booked
424,20,79,2026-10-01,10:00,10:30,booked
425,20,57,2026-10-01,10:30,11:00,booked
426,20,61,2026-10-01,12:30,13:00,booked
427,20,11,2026-10-01,14:00,14:30,booked
428,20,75,2026-10-01,14:30,15:00,booked
429,20,57,2026-10-01,15:00,15:30,booked
430,20,89,2026-10-01,15:30,16:00,booked
431,1,82,2026-10-02,09:00,09:30,booked
432,1,55,2026-10-02,09:30,10:00,booked
433,1,83,2026-10-02,10:00,10:30,booked
434,1,83,2026-10-02,10:30,11:00,booked
435,1,8,2026-10-02,11:00,11:30,booked
436,1,25,2026-10-02,12:00,12:30,booked
437,1,56,2026-10-02,12:30,13:00,booked
438,1,15,2026-10-02,13:00,13:30,booked
439,1,24,2026-10-02,13:30,14:00,booked
440,1,20,2026-10-02,14:00,14:30,booked
441,1,62,2026-10-02,14:30,15:00,booked
442,1,28,2026-10-02,15:00,15:30,booked
443,1,98,2026-10-02,16:00,16:30,booked
444,2,38,2026-10-02,09:00,09:30,booked
445,2,31,2026-10-02,09:30,10:00,booked
446,2,33,2026-10-02,10:30,11:00,booked
447,2,87,2026-10-02,11:00,11:30,booked
448,2,89,2026-10-02,11:30,12:00,booked
449,2,20,2026-10-02,12:00,12:30,booked
450,2,61,2026-10-02,13:00,13:30,booked
451,2,46,2026-10-02,13:30,14:00,booked
452,2,3,2026-10-02,14:00,14:30,booked
453,2,69,2026-10-02,14:30,15:00,booked
454,2,32,2026-10-02,15:00,15:30,booked
455,2,83,2026-10-02,15:30,16:00,booked
456,2,55,2026-10-02,16:30,17:00,booked
457,3,77,2026-10-02,09:00,09:30,booked
458,3,84,2026-10-02,09:30,10:00,booked
459,3,20,2026-10-02,10:00,10:30,booked
460,3,6,2026-10-02,10:30,11:00,booked
461,3,28,2026-10-02,12:00,12:30,booked
462,3,62,2026-10-02,12:30,13:00,booked
463,3,76,2026-10-02,13:00,13:30,booked
464,3,98,2026-10-02,13:30,14:00,booked
465,3,97,2026-10-02,14:00,14:30,booked
466,3,74,2026-10-02,14:30,15:00,booked
467,3,54,2026-10-02,15:00,15:30,booked
468,3,69,2026-10-02,16:00,16:30,booked
469,4,77,2026-10-02,10:00,10:30,booked
470,4,92,2026-10-02,11:00,11:30,booked
471,4,87,2026-10-02,11:30,12:00,booked
472,4,4,2026-10-02,12:30,13:00,booked
473,4,20,2026-10-02,13:00,13:30,booked
474,4,76,2026-10-02,13:30,14:00,booked
475,4,82,2026-10-02,14:00,14:30,booked
476,4,5,2026-10-02,14:30,15:00,booked
477,4,70,2026-10-02,15:00,15:30,booked
478,4,28,2026-10-02,15:30,16:00,booked
479,4,48,2026-10-02,16:00,16:30,booked
480,4,40,2026-10-02,16:30,17:00,booked
481,5,29,2026-10-02,09:00,09:30,booked
482,5,59,2026-10-02,09:30,10:00,booked
483,5,41,2026-10-02,10:30,11:00,booked
484,5,45,2026-10-02,11:00,11:30,booked
485,5,81,2026-10-02,12:00,12:30,booked
486,5,73,2026-10-02,13:00,13:30,booked
487,5,18,2026-10-02,14:00,14:30,booked
488,5,10,2026-10-02,14:30,15:00,booked
489,5,25,2026-10-02,15:30,16:00,booked
490,6,67,2026-10-02,09:00,09:30,booked
491,6,16,2026-10-02,09:30,10:00,booked
492,6,71,2026-10-02,10:00,10:30,booked
493,6,74,2026-10-02,10:30,11:00,booked
494,6,53,2026-10-02,11:00,11:30,booked
495,6,19,2026-10-02,11:30,12:00,booked
496,6,18,2026-10-02,12:00,12:30,booked
497,6,61,2026-10-02,12:30,13:00,booked
498,6,2,2026-10-02,13:00,13:30,booked
499,6,43,2026-10-02,13:30,14:00,booked
500,6,65,2026-10-02,14:00,14:30,booked
501,6,8,2026-10-02,14:30,15:00,booked
502,6,39,2026-10-02,15:00,15:30,booked
503,6,100,2026-10-02,16:30,17:00,booked
504,7,40,2026-10-02,09:00,09:30,booked
505,7,93,2026-10-02,09:30,10:00,booked
506,7,2,2026-10-02,11:30,12:00,booked
507,7,33,2026-10-02,12:00,12:30,booked
508,7,68,2026-10-02,13:30,14:00,booked
509,7,98,2026-10-02,14:30,15:00,booked
510,7,27,2026-10-02,15:00,15:30,booked
511,7,61,2026-10-02,15:30,16:00,booked
512,7,83,2026-10-02,16:00,16:30,booked
513,7,52,2026-10-02,16:30,17:00,booked
514,8,15,2026-10-02,09:00,09:30,booked
515,8,73,2026-10-02,09:30,10:00,booked
516,8,30,2026-10-02,10:00,10:30,booked
517,8,43,2026-10-02,11:00,11:30,booked
518,8,37,2026-10-02,11:30,12:00,booked
519,8,64,2026-10-02,12:00,12:30,booked
520,8,32,2026-10-02,12:30,13:00,booked
521,8,21,2026-10-02,13:00,13:30,booked
522,8,33,2026-10-02,14:00,14:30,booked
523,8,87,2026-10-02,14:30,15:00,booked
524,8,9,2026-10-02,15:00,15:30,booked
525,8,68,2026-10-02,16:30,17:00,booked
526,9,87,2026-10-02,09:00,09:30,booked
527,9,67,2026-10-02,09:30,10:00,booked
528,9,82,2026-10-02,10:00,10:30,booked
529,9,80,2026-10-02,10:30,11:00,booked
530,9,71,2026-10-02,11:00,11:30,booked
531,9,10,2026-10-02,12:00,12:30,booked
532,9,83,2026-10-02,12:30,13:00,booked
533,9,97,2026-10-02,13:00,13:30,booked
534,9,2,2026-10-02,13:30,14:00,booked
535,9,84,2026-10-02,14:00,14:30,booked
536,9,51,2026-10-02,14:30,15:00,booked
537,9,71,2026-10-02,15:00,15:30,booked
538,9,77,2026-10-02,15:30,16:00,booked
539,9,95,2026-10-02,16:00,16:30,booked
540,10,95,2026-10-02,09:30,10:00,booked
541,10,9,2026-10-02,10:00,10:30,booked
542,10,15,2026-10-02,11:00,11:30,booked
543,10,74,2026-10-02,11:30,12:00,booked
544,10,16,2026-10-02,12:00,12:30,booked
545,10,47,2026-10-02,15:00,15:30,booked
546,10,52,2026-10-02,16:00,16:30,booked
547,10,54,2026-10-02,16:30,17:00,booked
548,11,45,2026-10-02,09:00,09:30,booked
549,11,72,2026-10-02,09:30,10:00,booked
550,11,35,2026-10-02,10:00,10:30,booked
551,11,19,2026-10-02,11:00,11:30,booked
552,11,52,2026-10-02,12:00,12:30,booked
553,11,4,2026-10-02,13:00,13:30,booked
554,11,40,2026-10-02,13:30,14:00,booked
555,11,8,2026-10-02,14:00,14:30,booked
556,11,13,2026-10-02,14:30,15:00,booked
557,11,8,2026-10-02,15:00,15:30,booked
558,11,6,2026-10-02,15:30,16:00,booked
559,11,83,2026-10-02,16:30,17:00,booked
560,12,31,2026-10-02,09:00,09:30,booked
561,12,2,2026-10-02,09:30,10:00,booked
562,12,7,2026-10-02,10:00,10:30,booked
563,12,13,2026-10-02,11:00,11:30,booked
564,12,65,2026-10-02,11:30,12:00,booked
565,12,56,2026-10-02,13:00,13:30,booked
566,12,77,2026-10-02,13:30,14:00,booked
567,12,21,2026-10-02,14:00,14:30,booked
568,12,65,2026-10-02,15:00,15:30,booked
569,12,32,2026-10-02,15:30,16:00,booked
570,13,57,2026-10-02,09:00,09:30,booked
571,13,10,2026-10-02,09:30,10:00,booked
572,13,96,2026-10-02,10:00,10:30,booked
573,13,7,2026-10-02,10:30,11:00,booked
574,13,69,2026-10-02,11:00,11:30,booked
575,13,23,2026-10-02,11:30,12:00,booked
576,13,3,2026-10-02,12:00,12:30,booked
577,13,12,2026-10-02,12:30,13:00,booked
578,13,52,2026-10-02,13:30,14:00,booked
579,13,73,2026-10-02,14:30,15:00,booked
580,13,60,2026-10-02,15:30,16:00,booked
581,13,47,2026-10-02,16:00,16:30,booked
582,14,94,2026-10-02,09:00,09:30,booked
583,14,43,2026-10-02,09:30,10:00,booked
584,14,68,2026-10-02,10:00,10:30,booked
585,14,87,2026-10-02,10:30,11:00,booked
586,14,39,2026-10-02,11:00,11:30,booked
587,14,45,2026-10-02,12:00,12:30,booked
588,14,63,2026-10-02,12:30,13:00,booked
589,14,84,2026-10-02,13:00,13:30,booked
590,14,44,2026-10-02,13:30,14:00,booked
591,14,27,2026-10-02,14:00,14:30,booked
592,14,35,2026-10-02,14:30,15:00,booked
593,14,24,2026-10-02,15:00,15:30,booked
594,14,54,2026-10-02,15:30,16:00,booked
595,14,1,2026-10-02,16:30,17:00,booked
596,15,47,2026-10-02,09:00,09:30,booked
597,15,26,2026-10-02,09:30,10:00,booked
598,15,54,2026-10-02,10:00,10:30,booked
599,15,71,2026-10-02,10:30,11:00,booked
600,15,18,2026-10-02,11:00,11:30,booked
601,15,31,2026-10-02,12:00,12:30,booked
602,15,15,2026-10-02,12:30,13:00,booked
603,15,42,2026-10-02,14:00,14:30,booked
604,15,21,2026-10-02,14:30,15:00,booked
605,15,5,2026-10-02,15:00,15:30,booked
606,15,72,2026-10-02,15:30,16:00,booked
607,15,92,2026-10-02,16:00,16:30,booked
608,15,85,2026-10-02,16:30,17:00,booked
609,16,93,2026-10-02,09:00,09:30,booked
610,16,66,2026-10-02,09:30,10:00,booked
611,16,27,2026-10-02,10:00,10:30,booked
612,16,96,2026-10-02,11:30,12:00,booked
613,16,74,2026-10-02,12:00,12:30,booked
614,16,95,2026-10-02,12:30,13:00,booked
615,16,82,2026-10-02,13:00,13:30,booked
616,16,78,2026-10-02,13:30,14:00,booked
617,16,30,2026-10-02,14:00,14:30,booked
618,16,58,2026-10-02,15:30,16:00,booked
619,16,91,2026-10-02,16:00,16:30,booked
620,16,32,2026-10-02,16:30,17:00,booked
621,17,40,2026-10-02,09:30,10:00,booked
622,17,28,2026-10-02,10:00,10:30,booked
623,17,88,2026-10-02,10:30,11:00,booked
624,17,70,2026-10-02,11:00,11:30,booked
625,17,84,2026-10-02,11:30,12:00,booked
626,17,93,2026-10-02,12:00,12:30,booked
627,17,34,2026-10-02,13:00,13:30,booked
628,17,17,2026-10-02,13:30,14:00,booked
629,17,52,2026-10-02,14:30,15:00,booked
630,17,33,2026-10-02,15:00,15:30,booked
631,17,22,2026-10-02,15:30,16:00,booked
632,17,29,2026-10-02,16:00,16:30,booked
633,17,21,2026-10-02,16:30,17:00,booked
634,18,90,2026-10-02,09:00,09:30,booked
635,18,76,2026-10-02,10:00,10:30,booked
636,18,14,2026-10-02,10:30,11:00,booked
637,18,44,2026-10-02,11:00,11:30,booked
638,18,69,2026-10-02,11:30,12:00,booked
639,18,89,2026-10-02,12:00,12:30,booked
640,18,19,2026-10-02,12:30,13:00,booked
641,18,98,2026-10-02,13:00,13:30,booked
642,18,37,2026-10-02,14:00,14:30,booked
643,18,60,2026-10-02,14:30,15:00,booked
644,18,13,2026-10-02,15:00,15:30,booked
645,18,42,2026-10-02,16:00,16:30,booked
646,18,35,2026-10-02,16:30,17:00,booked
647,19,33,2026-10-02,09:00,09:30,booked
648,19,53,2026-10-02,10:00,10:30,booked
649,19,95,2026-10-02,10:30,11:00,booked
650,19,46,2026-10-02,11:00,11:30,booked
651,19,9,2026-10-02,11:30,12:00,booked
652,19,46,2026-10-02,12:00,12:30,booked
653,19,27,2026-10-02,12:30,13:00,booked
654,19,28,2026-10-02,13:00,13:30,booked
655,19,30,2026-10-02,13:30,14:00,booked
656,19,43,2026-10-02,14:30,15:00,booked
657,19,99,2026-10-02,15:00,15:30,booked
658,19,47,2026-10-02,15:30,16:00,booked
659,19,58,2026-10-02,16:00,16:30,booked
660,19,20,2026-10-02,16:30,17:00,booked
661,20,85,2026-10-02,09:00,09:30,booked
662,20,39,2026-10-02,09:30,10:00,booked
663,20,95,2026-10-02,10:00,10:30,booked
664,20,77,2026-10-02,11:00,11:30,booked
665,20,76,2026-10-02,11:30,12:00,booked
666,20,10,2026-10-02,12:30,13:00,booked
667,20,32,2026-10-02,13:30,14:00,booked
668,20,51,2026-10-02,14:00,14:30,booked
669,20,57,2026-10-02,14:30,15:00,booked
670,20,51,2026-10-02,15:00,15:30,booked
671,20,95,2026-10-02,15:30,16:00,booked
672,20,99,2026-10-02,16:00,16:30,booked
673,1,36,2026-10-03,09:00,09:30,booked
674,1,15,2026-10-03,09:30,10:00,booked
675,1,92,2026-10-03,10:00,10:30,booked
676,1,97,2026-10-03,11:30,12:00,booked
677,1,25,2026-10-03,12:00,12:30,booked
678,1,21,2026-10-03,12:30,13:00,booked
679,1,83,2026-10-03,13:00,13:30,booked
680,1,15,2026-10-03,13:30,14:00,booked
681,1,25,2026-10-03,14:00,14:30,booked
682,1,90,2026-10-03,14:30,15:00,booked
683,1,53,2026-10-03,15:00,15:30,booked
684,1,40,2026-10-03,15:30,16:00,booked
685,1,54,2026-10-03,16:00,16:30,booked
686,1,19,2026-10-03,16:30,17:00,booked
687,2,13,2026-10-03,09:00,09:30,booked
688,2,54,2026-10-03,10:30,11:00,booked
689,2,88,2026-10-03,11:30,12:00,booked
690,2,77,2026-10-03,13:00,13:30,booked
691,2,40,2026-10-03,14:00,14:30,booked
692,2,78,2026-10-03,14:30,15:00,booked
693,2,5,2026-10-03,15:00,15:30,booked
694,2,16,2026-10-03,15:30,16:00,booked
695,2,7,2026-10-03,16:00,16:30,booked
696,2,70,2026-10-03,16:30,17:00,booked
697,3,65,2026-10-03,09:00,09:30,booked
698,3,50,2026-10-03,10:00,10:30,booked
699,3,58,2026-10-03,10:30,11:00,booked
700,3,2,2026-10-03,11:00,11:30,booked
701,3,42,2026-10-03,11:30,12:00,booked
702,3,92,2026-10-03,14:00,14:30,booked
703,3,21,2026-10-03,15:00,15:30,booked
704,3,98,2026-10-03,15:30,16:00,booked
705,3,16,2026-10-03,16:30,17:00,booked
706,4,51,2026-10-03,09:00,09:30,booked
707,4,13,2026-10-03,10:00,10:30,booked
708,4,47,2026-10-03,11:00,11:30,booked
709,4,20,2026-10-03,11:30,12:00,booked
710,4,39,2026-10-03,12:30,13:00,booked
711,4,33,2026-10-03,13:30,14:00,booked
712,4,74,2026-10-03,15:00,15:30,booked
713,4,53,2026-10-03,15:30,16:00,booked
714,4,97,2026-10-03,16:00,16:30,booked
715,4,41,2026-10-03,16:30,17:00,booked
716,5,39,2026-10-03,09:00,09:30,booked
717,5,33,2026-10-03,09:30,10:00,booked
718,5,65,2026-10-03,10:00,10:30,booked
719,5,28,2026-10-03,10:30,11:00,booked
720,5,14,2026-10-03,11:30,12:00,booked
721,5,30,2026-10-03,12:30,13:00,booked
722,5,56,2026-10-03,13:00,13:30,booked
723,5,85,2026-10-03,13:30,14:00,booked
724,5,100,2026-10-03,14:00,14:30,booked
725,5,58,2026-10-03,15:30,16:00,booked
726,5,28,2026-10-03,16:00,16:30,booked
727,5,80,2026-10-03,16:30,17:00,booked
728,6,95,2026-10-03,09:00,09:30,booked
729,6,73,2026-10-03,09:30,10:00,booked
730,6,80,2026-10-03,10:00,10:30,booked
731,6,64,2026-10-03,10:30,11:00,booked
732,6,22,2026-10-03,12:30,13:00,booked
733,6,50,2026-10-03,13:00,13:30,booked
734,6,77,2026-10-03,13:30,14:00,booked
735,6,3,2026-10-03,14:00,14:30,booked
736,6,65,2026-10-03,15:00,15:30,booked
737,6,50,2026-10-03,15:30,16:00,booked
738,6,52,2026-10-03,16:30,17:00,booked
739,7,60,2026-10-03,09:00,09:30,booked
740,7,12,2026-10-03,09:30,10:00,booked
741,7,46,2026-10-03,10:00,10:30,booked
742,7,38,2026-10-03,10:30,11:00,booked
743,7,95,2026-10-03,12:00,12:30,booked
744,7,89,2026-10-03,13:00,13:30,booked
745,7,50,2026-10-03,13:30,14:00,booked
746,7,47,2026-10-03,15:00,15:30,booked
747,8,26,2026-10-03,09:00,09:30,booked
748,8,4,2026-10-03,09:30,10:00,booked
749,8,44,2026-10-03,10:00,10:30,booked
750,8,31,2026-10-03,10:30,11:00,booked
751,8,63,2026-10-03,11:00,11:30,booked
752,8,65,2026-10-03,11:30,12:00,booked
753,8,28,2026-10-03,12:30,13:00,booked
754,8,27,2026-10-03,14:00,14:30,booked
755,8,69,2026-10-03,14:30,15:00,booked
756,8,71,2026-10-03,15:00,15:30,booked
757,8,90,2026-10-03,16:30,17:00,booked
758,9,8,2026-10-03,09:00,09:30,booked
759,9,7,2026-10-03,09:30,10:00,booked
760,9,24,2026-10-03,10:00,10:30,booked
761,9,100,2026-10-03,10:30,11:00,booked
762,9,100,2026-10-03,11:00,11:30,booked
763,9,77,2026-10-03,11:30,12:00,booked
764,9,91,2026-10-03,12:00,12:30,booked
765,9,62,2026-10-03,12:30,13:00,booked
766,9,44,2026-10-03,13:30,14:00,booked
767,9,77,2026-10-03,14:00,14:30,booked
768,9,2,2026-10-03,14:30,15:00,booked
769,9,36,2026-10-03,15:00,15:30,booked
770,9,96,2026-10-03,15:30,16:00,booked
771,9,46,2026-10-03,16:00,16:30,booked
772,9,54,2026-10-03,16:30,17:00,booked
773,10,5,2026-10-03,10:00,10:30,booked
774,10,24,2026-10-03,11:00,11:30,booked
775,10,11,2026-10-03,12:00,12:30,booked
776,10,23,2026-10-03,12:30,13:00,booked
777,10,90,2026-10-03,13:00,13:30,booked
778,10,40,2026-10-03,13:30,14:00,booked
779,10,38,2026-10-03,14:00,14:30,booked
780,10,99,2026-10-03,14:30,15:00,booked
781,10,24,2026-10-03,15:00,15:30,booked
782,10,45,2026-10-03,15:30,16:00,booked
783,10,42,2026-10-03,16:00,16:30,booked
784,10,94,2026-10-03,16:30,17:00,booked
785,11,13,2026-10-03,09:30,10:00,booked
786,11,56,2026-10-03,10:30,11:00,booked
787,11,21,2026-10-03,12:00,12:30,booked
788,11,39,2026-10-03,13:00,13:30,booked
789,11,42,2026-10-03,13:30,14:00,booked
790,11,31,2026-10-03,14:00,14:30,booked
791,11,88,2026-10-03,14:30,15:00,booked
792,11,75,2026-10-03,15:30,16:00,booked
793,11,47,2026-10-03,16:30,17:00,booked
794,12,87,2026-10-03,09:00,09:30,booked
795,12,61,2026-10-03,09:30,10:00,booked
796,12,84,2026-10-03,10:00,10:30,booked
797,12,32,2026-10-03,10:30,11:00,booked
798,12,21,2026-10-03,11:00,11:30,booked
799,12,11,2026-10-03,12:30,13:00,booked
800,12,68,2026-10-03,13:00,13:30,booked
801,12,86,2026-10-03,13:30,14:00,booked
802,12,92,2026-10-03,14:30,15:00,booked
803,12,66,2026-10-03,15:00,15:30,booked
804,12,11,2026-10-03,15:30,16:00,booked
805,12,77,2026-10-03,16:00,16:30,booked
806,13,72,2026-10-03,09:00,09:30,booked
807,13,20,2026-10-03,10:30,11:00,booked
808,13,92,2026-10-03,11:00,11:30,booked
809,13,39,2026-10-03,11:30,12:00,booked
810,13,14,2026-10-03,12:00,12:30,booked
811,13,28,2026-10-03,13:30,14:00,booked
812,13,20,2026-10-03,14:00,14:30,booked
813,13,39,2026-10-03,14:30,15:00,booked
814,13,37,2026-10-03,15:30,16:00,booked
815,13,70,2026-10-03,16:00,16:30,booked
816,13,76,2026-10-03,16:30,17:00,booked
817,14,41,2026-10-03,09:30,10:00,booked
818,14,2,2026-10-03,10:00,10:30,booked
819,14,96,2026-10-03,10:30,11:00,booked
820,14,40,2026-10-03,11:00,11:30,booked
821,14,64,2026-10-03,12:00,12:30,booked
822,14,78,2026-10-03,12:30,13:00,booked
823,14,79,2026-10-03,13:00,13:30,booked
824,14,94,2026-10-03,14:00,14:30,booked
825,14,85,2026-10-03,14:30,15:00,booked
826,14,87,2026-10-03,15:00,15:30,booked
827,14,44,2026-10-03,15:30,16:00,booked
828,14,22,2026-10-03,16:30,17:00,booked
829,15,23,2026-10-03,09:00,09:30,booked
830,15,30,2026-10-03,09:30,10:00,booked
831,15,22,2026-10-03,10:00,10:30,booked
832,15,82,2026-10-03,10:30,11:00,booked
833,15,32,2026-10-03,11:00,11:30,booked
834,15,68,2026-10-03,12:00,12:30,booked
835,15,83,2026-10-03,12:30,13:00,booked
836,15,76,2026-10-03,13:00,13:30,booked
837,15,39,2026-10-03,13:30,14:00,booked
838,15,90,2026-10-03,14:00,14:30,booked
839,15,76,2026-10-03,14:30,15:00,booked
840,15,83,2026-10-03,15:00,15:30,booked
841,15,79,2026-10-03,15:30,16:00,booked
842,16,94,2026-10-03,09:00,09:30,booked
843,16,52,2026-10-03,09:30,10:00,booked
844,16,4,2026-10-03,10:30,11:00,booked
845,16,28,2026-10-03,11:00,11:30,booked
846,16,87,2026-10-03,12:00,12:30,booked
847,16,81,2026-10-03,12:30,13:00,booked
848,16,82,2026-10-03,14:30,15:00,booked
849,16,29,2026-10-03,15:00,15:30,booked
850,16,23,2026-10-03,16:00,16:30,booked
851,16,63,2026-10-03,16:30,17:00,booked
852,17,58,2026-10-03,09:00,09:30,booked
853,17,53,2026-10-03,10:30,11:00,booked
854,17,1,2026-10-03,11:00,11:30,booked
855,17,61,2026-10-03,11:30,12:00,booked
856,17,26,2026-10-03,12:30,13:00,booked
857,17,52,2026-10-03,13:00,13:30,booked
858,17,10,2026-10-03,14:30,15:00,booked
859,17,7,2026-10-03,15:00,15:30,booked
860,17,80,2026-10-03,15:30,16:00,booked
861,17,71,2026-10-03,16:00,16:30,booked
862,17,10,2026-10-03,16:30,17:00,booked
863,18,33,2026-10-03,09:00,09:30,booked
864,18,28,2026-10-03,09:30,10:00,booked
865,18,62,2026-10-03,10:30,11:00,booked
866,18,9,2026-10-03,11:00,11:30,booked
867,18,69,2026-10-03,11:30,12:00,booked
868,18,69,2026-10-03,12:30,13:00,booked
869,18,3,2026-10-03,13:00,13:30,booked
870,18,74,2026-10-03,14:00,14:30,booked
871,18,50,2026-10-03,14:30,15:00,booked
872,18,36,2026-10-03,15:30,16:00,booked
873,18,26,2026-10-03,16:30,17:00,booked
874,19,40,2026-10-03,10:00,10:30,booked
875,19,72,2026-10-03,10:30,11:00,booked
876,19,19,2026-10-03,11:00,11:30,booked
877,19,89,2026-10-03,11:30,12:00,booked
878,19,39,2026-10-03,12:00,12:30,booked
879,19,82,2026-10-03,12:30,13:00,booked
880,19,59,2026-10-03,13:00,13:30,booked
881,19,98,2026-10-03,13:30,14:00,booked
882,19,28,2026-10-03,14:00,14:30,booked
883,19,89,2026-10-03,14:30,15:00,booked
884,19,73,2026-10-03,15:00,15:30,booked
885,19,4,2026-10-03,15:30,16:00,booked
886,19,37,2026-10-03,16:00,16:30,booked
887,20,67,2026-10-03,11:00,11:30,booked
888,20,19,2026-10-03,12:00,12:30,booked
889,20,85,2026-10-03,13:00,13:30,booked
890,20,57,2026-10-03,13:30,14:00,booked
891,20,68,2026-10-03,14:30,15:00,booked
892,20,69,2026-10-03,15:30,16:00,booked
893,20,88,2026-10-03,16:30,17:00,booked
894,1,68,2026-10-04,09:30,10:00,booked
895,1,49,2026-10-04,10:00,10:30,booked
896,1,47,2026-10-04,10:30,11:00,booked
897,1,15,2026-10-04,11:00,11:30,booked
898,1,10,2026-10-04,12:00,12:30,booked
899,1,57,2026-10-04,12:30,13:00,booked
900,1,40,2026-10-04,13:00,13:30,booked
901,1,9,2026-10-04,13:30,14:00,booked
902,1,40,2026-10-04,14:00,14:30,booked
903,1,62,2026-10-04,15:30,16:00,booked
904,2,24,2026-10-04,09:00,09:30,booked
905,2,7,2026-10-04,09:30,10:00,booked
906,2,98,2026-10-04,10:00,10:30,booked
907,2,38,2026-10-04,11:00,11:30,booked
908,2,4,2026-10-04,11:30,12:00,booked
909,2,80,2026-10-04,12:00,12:30,booked
910,2,91,2026-10-04,12:30,13:00,booked
911,2,11,2026-10-04,13:00,13:30,booked
912,2,63,2026-10-04,14:00,14:30,booked
913,2,64,2026-10-04,14:30,15:00,booked
914,2,82,2026-10-04,15:00,15:30,booked
915,2,54,2026-10-04,15:30,16:00,booked
916,2,46,2026-10-04,16:00,16:30,booked
917,3,24,2026-10-04,09:30,10:00,booked
918,3,96,2026-10-04,10:00,10:30,booked
919,3,25,2026-10-04,10:30,11:00,booked
920,3,2,2026-10-04,11:00,11:30,booked
921,3,78,2026-10-04,11:30,12:00,booked
922,3,67,2026-10-04,12:00,12:30,booked
923,3,43,2026-10-04,12:30,13:00,booked
924,3,1,2026-10-04,13:30,14:00,booked
925,3,93,2026-10-04,14:00,14:30,booked
926,3,42,2026-10-04,15:00,15:30,booked
927,3,46,2026-10-04,15:30,16:00,booked
928,3,17,2026-10-04,16:00,16:30,booked
929,3,14,2026-10-04,16:30,17:00,booked
930,4,88,2026-10-04,09:00,09:30,booked
931,4,93,2026-10-04,10:30,11:00,booked
932,4,58,2026-10-04,11:00,11:30,booked
933,4,49,2026-10-04,12:00,12:30,booked
934,4,5,2026-10-04,12:30,13:00,booked
935,4,66,2026-10-04,13:00,13:30,booked
936,4,94,2026-10-04,13:30,14:00,booked
937,4,100,2026-10-04,14:30,15:00,booked
938,4,67,2026-10-04,15:30,16:00,booked
939,4,62,2026-10-04,16:00,16:30,booked
940,4,10,2026-10-04,16:30,17:00,booked
941,5,71,2026-10-04,09:00,09:30,booked
942,5,91,2026-10-04,10:00,10:30,booked
943,5,39,2026-10-04,10:30,11:00,booked
944,5,55,2026-10-04,11:30,12:00,booked
945,5,44,2026-10-04,12:00,12:30,booked
946,5,87,2026-10-04,12:30,13:00,booked
947,5,34,2026-10-04,13:00,13:30,booked
948,5,51,2026-10-04,13:30,14:00,booked
949,5,16,2026-10-04,14:30,15:00,booked
950,5,70,2026-10-04,16:00,16:30,booked
951,5,100,2026-10-04,16:30,17:00,booked
952,6,41,2026-10-04,09:00,09:30,booked
953,6,51,2026-10-04,10:00,10:30,booked
954,6,46,2026-10-04,10:30,11:00,booked
955,6,74,2026-10-04,11:00,11:30,booked
956,6,3,2026-10-04,11:30,12:00,booked
957,6,31,2026-10-04,12:00,12:30,booked
958,6,25,2026-10-04,13:00,13:30,booked
959,6,79,2026-10-04,14:00,14:30,booked
960,6,50,2026-10-04,15:30,16:00,booked
961,6,65,2026-10-04,16:00,16:30,booked
962,7,47,2026-10-04,09:30,10:00,booked
963,7,80,2026-10-04,10:00,10:30,booked
964,7,65,2026-10-04,10:30,11:00,booked
965,7,11,2026-10-04,11:30,12:00,booked
966,7,19,2026-10-04,12:00,12:30,booked
967,7,34,2026-10-04,12:30,13:00,booked
968,7,41,2026-10-04,13:30,14:00,booked
969,7,12,2026-10-04,14:00,14:30,booked
970,7,12,2026-10-04,15:00,15:30,booked
971,7,78,2026-10-04,15:30,16:00,booked
972,7,1,2026-10-04,16:00,16:30,booked
973,7,91,2026-10-04,16:30,17:00,booked
974,8,58,2026-10-04,09:00,09:30,booked
975,8,94,2026-10-04,09:30,10:00,booked
976,8,72,2026-10-04,10:00,10:30,booked
977,8,34,2026-10-04,11:00,11:30,booked
978,8,65,2026-10-04,12:00,12:30,booked
979,8,37,2026-10-04,13:00,13:30,booked
980,8,66,2026-10-04,14:00,14:30,booked
981,8,26,2026-10-04,15:00,15:30,booked
982,8,6,2026-10-04,15:30,16:00,booked
983,8,95,2026-10-04,16:00,16:30,booked
984,9,55,2026-10-04,09:00,09:30,booked
985,9,3,2026-10-04,09:30,10:00,booked
986,9,39,2026-10-04,10:00,10:30,booked
987,9,70,2026-10-04,10:30,11:00,booked
988,9,47,2026-10-04,11:00,11:30,booked
989,9,30,2026-10-04,11:30,12:00,booked
990,9,90,2026-10-04,12:00,12:30,booked
991,9,88,2026-10-04,12:30,13:00,booked
992,9,50,2026-10-04,13:30,14:00,booked
993,9,80,2026-10-04,14:00,14:30,booked
994,9,43,2026-10-04,14:30,15:00,booked
995,9,36,2026-10-04,16:30,17:00,booked
996,10,36,2026-10-04,09:00,09:30,booked
997,10,73,2026-10-04,10:00,10:30,booked
998,10,87,2026-10-04,10:30,11:00,booked
999,10,97,2026-10-04,11:00,11:30,booked
1000,10,94,2026-10-04,11:30,12:00,booked
1001,10,76,2026-10-04,12:00,12:30,booked
1002,10,85,2026-10-04,13:00,13:30,booked
1003,10,60,2026-10-04,13:30,14:00,booked
1004,10,47,2026-10-04,14:30,15:00,booked
1005,10,21,2026-10-04,15:00,15:30,booked
1006,10,9,2026-10-04,16:30,17:00,booked
1007,11,81,2026-10-04,09:00,09:30,booked
1008,11,46,2026-10-04,09:30,10:00,booked
1009,11,29,2026-10-04,10:00,10:30,booked
1010,11,76,2026-10-04,11:00,11:30,booked
1011,11,75,2026-10-04,11:30,12:00,booked
1012,11,60,2026-10-04,12:00,12:30,booked
1013,11,62,2026-10-04,13:00,13:30,booked
1014,11,96,2026-10-04,14:00,14:30,booked
1015,11,29,2026-10-04,14:30,15:00,booked
1016,11,94,2026-10-04,15:00,15:30,booked
1017,11,22,2026-10-04,15:30,16:00,booked
1018,11,85,2026-10-04,16:00,16:30,booked
1019,11,22,2026-10-04,16:30,17:00,booked
1020,12,85,2026-10-04,09:00,09:30,booked
1021,12,44,2026-10-04,09:30,10:00,booked
1022,12,82,2026-10-04,10:00,10:30,booked
1023,12,82,2026-10-04,10:30,11:00,booked
1024,12,81,2026-10-04,11:00,11:30,booked
1025,12,90,2026-10-04,11:30,12:00,booked
1026,12,11,2026-10-04,12:30,13:00,booked
1027,12,16,2026-10-04,14:00,14:30,booked
1028,12,98,2026-10-04,14:30,15:00,booked
1029,12,7,2026-10-04,15:00,15:30,booked
1030,12,40,2026-10-04,15:30,16:00,booked
1031,12,39,2026-10-04,16:00,16:30,booked
1032,12,4,2026-10-04,16:30,17:00,booked
1033,13,94,2026-10-04,09:00,09:30,booked
1034,13,63,2026-10-04,09:30,10:00,booked
1035,13,41,2026-10-04,10:00,10:30,booked
1036,13,2,2026-10-04,10:30,11:00,booked
1037,13,64,2026-10-04,11:30,12:00,booked
1038,13,45,2026-10-04,12:00,12:30,booked
1039,13,77,2026-10-04,14:00,14:30,booked
1040,13,96,2026-10-04,14:30,15:00,booked
1041,13,27,2026-10-04,15:30,16:00,booked
1042,14,73,2026-10-04,09:00,09:30,booked
1043,14,17,2026-10-04,09:30,10:00,booked
1044,14,95,2026-10-04,10:00,10:30,booked
1045,14,17,2026-10-04,10:30,11:00,booked
1046,14,27,2026-10-04,11:00,11:30,booked
1047,14,13,2026-10-04,11:30,12:00,booked
1048,14,16,2026-10-04,12:00,12:30,booked
1049,14,10,2026-10-04,12:30,13:00,booked
1050,14,46,2026-10-04,13:00,13:30,booked
1051,14,7,2026-10-04,13:30,14:00,booked
1052,14,89,2026-10-04,14:00,14:30,booked
1053,14,70,2026-10-04,15:00,15:30,booked
1054,14,76,2026-10-04,15:30,16:00,booked
1055,14,92,2026-10-04,16:00,16:30,booked
1056,14,63,2026-10-04,16:30,17:00,booked
1057,15,38,2026-10-04,09:30,10:00,booked
1058,15,93,2026-10-04,10:00,10:30,booked
1059,15,43,2026-10-04,11:00,11:30,booked
1060,15,58,2026-10-04,11:30,12:00,booked
1061,15,88,2026-10-04,12:00,12:30,booked
1062,15,56,2026-10-04,12:30,13:00,booked
1063,15,58,2026-10-04,13:00,13:30,booked
1064,15,94,2026-10-04,15:30,16:00,booked
1065,15,69,2026-10-04,16:00,16:30,booked
1066,16,25,2026-10-04,09:00,09:30,booked
1067,16,100,2026-10-04,11:00,11:30,booked
1068,16,59,2026-10-04,13:00,13:30,booked
1069,16,27,2026-10-04,13:30,14:00,booked
1070,16,97,2026-10-04,14:30,15:00,booked
1071,16,57,2026-10-04,15:00,15:30,booked
1072,16,11,2026-10-04,15:30,16:00,booked
1073,16,8,2026-10-04,16:00,16:30,booked
1074,17,68,2026-10-04,09:00,09:30,booked
1075,17,48,2026-10-04,09:30,10:00,booked
1076,17,90,2026-10-04,10:30,11:00,booked
1077,17,66,2026-10-04,11:30,12:00,booked
1078,17,85,2026-10-04,12:00,12:30,booked
1079,17,52,2026-10-04,12:30,13:00,booked
1080,17,89,2026-10-04,13:00,13:30,booked
1081,17,70,2026-10-04,14:00,14:30,booked
1082,17,85,2026-10-04,14:30,15:00,booked
1083,17,62,2026-10-04,15:00,15:30,booked
1084,17,60,2026-10-04,16:00,16:30,booked
1085,18,28,2026-10-04,09:30,10:00,booked
1086,18,56,2026-10-04,10:30,11:00,booked
1087,18,50,2026-10-04,11:00,11:30,booked
1088,18,2,2026-10-04,12:30,13:00,booked
1089,18,90,2026-10-04,13:00,13:30,booked
1090,18,54,2026-10-04,14:00,14:30,booked
1091,18,73,2026-10-04,14:30,15:00,booked
1092,18,34,2026-10-04,15:00,15:30,booked
1093,18,73,2026-10-04,15:30,16:00,booked
1094,18,40,2026-10-04,16:00,16:30,booked
1095,18,90,2026-10-04,16:30,17:00,booked
1096,19,51,2026-10-04,09:00,09:30,booked
1097,19,89,2026-10-04,09:30,10:00,booked
1098,19,71,2026-10-04,10:30,11:00,booked
1099,19,89,2026-10-04,11:00,11:30,booked
1100,19,67,2026-10-04,11:30,12:00,booked
1101,19,95,2026-10-04,13:30,14:00,booked
1102,19,84,2026-10-04,14:00,14:30,booked
1103,19,5,2026-10-04,14:30,15:00,booked
1104,19,31,2026-10-04,15:00,15:30,booked
1105,19,33,2026-10-04,15:30,16:00,booked
1106,19,12,2026-10-04,16:00,16:30,booked
1107,19,70,2026-10-04,16:30,17:00,booked
1108,20,64,2026-10-04,09:00,09:30,booked
1109,20,11,2026-10-04,09:30,10:00,booked
1110,20,27,2026-10-04,10:30,11:00,booked
1111,20,19,2026-10-04,11:00,11:30,booked
1112,20,21,2026-10-04,12:00,12:30,booked
1113,20,23,2026-10-04,13:00,13:30,booked
1114,20,43,2026-10-04,13:30,14:00,booked
1115,20,1,2026-10-04,14:00,14:30,booked
1116,20,28,2026-10-04,14:30,15:00,booked
1117,20,60,2026-10-04,15:00,15:30,booked
1118,20,63,2026-10-04,15:30,16:00,booked
1119,20,11,2026-10-04,16:00,16:30,booked
1120,20,62,2026-10-04,16:30,17:00,booked
