patient_id,first_name,last_name,email,phone,date_of_birth,address,city,state,zip,latitude,longitude,complaints
1,Mei,Costa,mei.costa1@example.com,+1-555-1001,1993-01-28,"106 St Nicholas Ave, Bensonhurst",Brooklyn,NY,11214,40.602,-73.9802,palpitations and dizziness; persistent cough and shortness of breath
2,Ivan,Barnes,ivan.barnes2@example.com,+1-555-1002,1951-04-09,"256 Lexington Ave, Inwood",New York,NY,10034,40.8575,-73.9376,abdominal pain and gallbladder
3,Wei,Chen,wei.chen3@example.com,+1-555-1003,1996-10-10,"609 Northern Blvd, Long Island City",New York,NY,11101,40.7339,-73.9552,dental cleaning and a cavity; palpitations and dizziness
4,Vikram,Weber,vikram.weber4@example.com,+1-555-1004,1957-12-10,"563 Riverside Dr, Jackson Heights",New York,NY,11372,40.7513,-73.8823,abdominal pain and gallbladder
5,Hiroshi,Chen,hiroshi.chen5@example.com,+1-555-1005,1953-09-28,"570 Lexington Ave, Forest Hills",New York,NY,11375,40.7321,-73.8441,skin rash and itching; anxiety and sleep problems
6,Sofia,Sanchez,sofia.sanchez6@example.com,+1-555-1006,1986-10-09,"609 Bowery, Crown Heights",Brooklyn,NY,11213,40.6661,-73.9502,fever and vaccinations for my child
7,Hiroshi,Silva,hiroshi.silva7@example.com,+1-555-1007,1971-12-09,"547 W 181st St, Long Island City",New York,NY,11101,40.7537,-73.943,dental cleaning and a cavity
8,Leo,Patel,leo.patel8@example.com,+1-555-1008,1982-07-07,"178 Fort Washington Ave, Inwood",New York,NY,10034,40.8479,-73.9273,breast check and prenatal care
9,Ben,Sanchez,ben.sanchez9@example.com,+1-555-1009,1975-07-08,"721 St Nicholas Ave, Inwood",New York,NY,10034,40.8586,-73.9251,dental cleaning and a cavity; fever and vaccinations for my child
10,Rosa,Bose,rosa.bose10@example.com,+1-555-1010,2004-08-01,"76 Amsterdam Ave, Inwood",New York,NY,10034,40.8618,-73.9316,joint swelling and lupus
11,Wei,Sanchez,wei.sanchez11@example.com,+1-555-1011,2004-12-27,"365 Broadway, Chelsea",New York,NY,10011,40.7571,-74.0049,thyroid and diabetes follow-up
12,Elena,Muller,elena.muller12@example.com,+1-555-1012,1956-08-09,"766 Atlantic Ave, Washington Heights",New York,NY,10032,40.8452,-73.929,blurred vision and eye strain
13,Sofia,Bose,sofia.bose13@example.com,+1-555-1013,1994-04-18,"294 Jackson Ave, Elmhurst",New York,NY,11373,40.7437,-73.8693,thyroid and diabetes follow-up
14,Kate,Silva,kate.silva14@example.com,+1-555-1014,1965-09-14,"164 Lexington Ave, Upper West Side",New York,NY,10024,40.7792,-73.9818,thyroid and diabetes follow-up
15,Jamal,Ahmed,jamal.ahmed15@example.com,+1-555-1015,1970-04-18,"14 Jackson Ave, Midtown",New York,NY,10001,40.753,-73.9875,recurring migraine headaches; back and knee pain after running
16,Wei,Ito,wei.ito16@example.com,+1-555-1016,1985-12-20,"931 Cortelyou Rd, Jackson Heights",New York,NY,11372,40.747,-73.8861,breast check and prenatal care; palpitations and dizziness
17,Ethan,Muller,ethan.muller17@example.com,+1-555-1017,1951-01-16,"223 Bowery, Bensonhurst",Brooklyn,NY,11214,40.5919,-73.9938,skin rash and itching
18,Chloe,Chen,chloe.chen18@example.com,+1-555-1018,1954-02-07,"981 St Nicholas Ave, Harlem",New York,NY,10027,40.8143,-73.9568,sore throat and blocked nose; chemotherapy follow-up and scan results
19,Ivan,Patel,ivan.patel19@example.com,+1-555-1019,1976-03-02,"626 St Nicholas Ave, Bensonhurst",Brooklyn,NY,11214,40.5994,-73.9992,back and knee pain after running
20,Sofia,Lopez,sofia.lopez20@example.com,+1-555-1020,1952-09-15,"157 Riverside Dr, Midtown",New York,NY,10001,40.7609,-73.9786,blurred vision and eye strain
21,Sara,Wang,sara.wang21@example.com,+1-555-1021,1992-05-23,"380 Jackson Ave, Elmhurst",New York,NY,11373,40.7406,-73.8681,chest pain and high blood pressure; skin rash and itching
22,Tessa,Hassan,tessa.hassan22@example.com,+1-555-1022,1977-11-25,"940 Queens Blvd, Inwood",New York,NY,10034,40.8528,-73.9337,back and knee pain after running; breast check and prenatal care
23,Umar,Tanaka,umar.tanaka23@example.com,+1-555-1023,2000-01-07,"840 Roosevelt Ave, Financial District",New York,NY,10004,40.7148,-74.0037,stomach pain and acid reflux
24,Jamal,Evans,jamal.evans24@example.com,+1-555-1024,1947-08-08,"38 Flatbush Ave, Financial District",New York,NY,10004,40.7068,-74.0187,anxiety and sleep problems
25,Zain,Jensen,zain.jensen25@example.com,+1-555-1025,1952-03-24,"235 Riverside Dr, Chelsea",New York,NY,10011,40.7399,-74.0087,anxiety and sleep problems; annual check-up and blood pressure
26,Ivan,Muller,ivan.muller26@example.com,+1-555-1026,2003-08-01,"362 Lexington Ave, Sunnyside",New York,NY,11104,40.7512,-73.9287,chest pain and high blood pressure; joint swelling and lupus
27,Omar,Torres,omar.torres27@example.com,+1-555-1027,1983-12-06,"818 Fort Washington Ave, Flushing",New York,NY,11354,40.7491,-73.8183,recurring migraine headaches
28,Priya,Lopez,priya.lopez28@example.com,+1-555-1028,1960-04-02,"140 Broadway, Bensonhurst",Brooklyn,NY,11214,40.5916,-73.9803,persistent cough and shortness of breath; recurring migraine headaches
29,Grace,Patel,grace.patel29@example.com,+1-555-1029,1958-12-27,"571 Cortelyou Rd, Sunnyside",New York,NY,11104,40.7343,-73.9313,anxiety and sleep problems
30,Ethan,Nakamura,ethan.nakamura30@example.com,+1-555-1030,1963-12-08,"38 Flatbush Ave, Jackson Heights",New York,NY,11372,40.7427,-73.8837,skin rash and itching
31,Yara,Ito,yara.ito31@example.com,+1-555-1031,1950-06-19,"941 St Nicholas Ave, Park Slope",Brooklyn,NY,11215,40.6819,-73.9739,abdominal pain and gallbladder; sore throat and blocked nose
32,Tessa,Kumar,tessa.kumar32@example.com,+1-555-1032,1958-08-16,"546 31st Ave, Financial District",New York,NY,10004,40.6959,-74.0127,chemotherapy follow-up and scan results
33,Hiroshi,Patel,hiroshi.patel33@example.com,+1-555-1033,1957-09-13,"494 E 116th St, Harlem",New York,NY,10027,40.817,-73.9451,recurring migraine headaches
34,Mei,Sanchez,mei.sanchez34@example.com,+1-555-1034,1954-07-09,"914 Cortelyou Rd, Financial District",New York,NY,10004,40.6969,-74.0187,chemotherapy follow-up and scan results; joint swelling and lupus
35,Ben,Tanaka,ben.tanaka35@example.com,+1-555-1035,1947-07-03,"788 Lexington Ave, Astoria",New York,NY,11103,40.763,-73.9208,blood in urine and kidney stones; chemotherapy follow-up and scan results
36,Tariq,Patel,tariq.patel36@example.com,+1-555-1036,1985-08-01,"530 Cortelyou Rd, Financial District",New York,NY,10004,40.7149,-74.0111,back and knee pain after running
37,Jia,Silva,jia.silva37@example.com,+1-555-1037,1963-03-06,"870 Bowery, Financial District",New York,NY,10004,40.6988,-74.0204,chemotherapy follow-up and scan results
38,Ravi,Ito,ravi.ito38@example.com,+1-555-1038,1951-07-25,"227 Church Ave, Inwood",New York,NY,10034,40.8631,-73.9175,stomach pain and acid reflux; abdominal pain and gallbladder
39,Grace,Silva,grace.silva39@example.com,+1-555-1039,1957-04-25,"488 Atlantic Ave, Bay Ridge",Brooklyn,NY,11209,40.6359,-74.0397,back and knee pain after running
40,Sofia,Dubois,sofia.dubois40@example.com,+1-555-1040,1991-04-05,"423 Fort Washington Ave, Long Island City",New York,NY,11101,40.7428,-73.9519,abdominal pain and gallbladder
41,Diya,Singh,diya.singh41@example.com,+1-555-1041,1994-09-16,"479 Bowery, Bay Ridge",Brooklyn,NY,11209,40.6349,-74.0328,fever and vaccinations for my child
42,Tessa,Patel,tessa.patel42@example.com,+1-555-1042,1965-07-04,"907 Riverside Dr, Williamsburg",Brooklyn,NY,11211,40.6981,-73.9626,persistent cough and shortness of breath; hearing loss and sinus infections
43,Hiroshi,Gupta,hiroshi.gupta43@example.com,+1-555-1043,1981-06-03,"162 Cortelyou Rd, Jackson Heights",New York,NY,11372,40.7597,-73.882,back and knee pain after running
44,Mei,Bose,mei.bose44@example.com,+1-555-1044,1983-02-27,"926 Lexington Ave, Park Slope",Brooklyn,NY,11215,40.6669,-73.9894,recurring migraine headaches
45,Diya,Torres,diya.torres45@example.com,+1-555-1045,1964-12-14,"78 Flatbush Ave, Park Slope",Brooklyn,NY,11215,40.6811,-73.9789,annual check-up and blood pressure
46,Mila,Novak,mila.novak46@example.com,+1-555-1046,1956-08-05,"54 31st Ave, Upper West Side",New York,NY,10024,40.792,-73.9649,annual check-up and blood pressure
47,Hannah,Gupta,hannah.gupta47@example.com,+1-555-1047,1972-12-28,"653 Church Ave, Washington Heights",New York,NY,10032,40.8484,-73.9461,skin rash and itching
48,Ravi,Nakamura,ravi.nakamura48@example.com,+1-555-1048,1946-08-19,"266 Amsterdam Ave, Elmhurst",New York,NY,11373,40.7244,-73.8724,anxiety and sleep problems
49,Vikram,Evans,vikram.evans49@example.com,+1-555-1049,1985-02-09,"118 Main St, Financial District",New York,NY,10004,40.7113,-74.0102,stomach pain and acid reflux
50,Priya,Nakamura,priya.nakamura50@example.com,+1-555-1050,1975-09-30,"213 Jackson Ave, Williamsburg",Brooklyn,NY,11211,40.7058,-73.9608,skin rash and itching; stomach pain and acid reflux
51,Chloe,Wang,chloe.wang51@example.com,+1-555-1051,2001-02-10,"768 Flatbush Ave, Jackson Heights",New York,NY,11372,40.7479,-73.8944,persistent cough and shortness of breath
52,Omar,Weber,omar.weber52@example.com,+1-555-1052,1971-04-17,"56 Bowery, Financial District",New York,NY,10004,40.6999,-74.0168,blurred vision and eye strain; stomach pain and acid reflux
53,Aarav,Gupta,aarav.gupta53@example.com,+1-555-1053,1974-01-10,"260 Amsterdam Ave, Bay Ridge",Brooklyn,NY,11209,40.6412,-74.0346,chemotherapy follow-up and scan results
54,Nadia,Dubois,nadia.dubois54@example.com,+1-555-1054,1952-07-11,"496 Flatbush Ave, Harlem",New York,NY,10027,40.8117,-73.9537,thyroid and diabetes follow-up
55,Tariq,Tanaka,tariq.tanaka55@example.com,+1-555-1055,1953-01-20,"157 Northern Blvd, Harlem",New York,NY,10027,40.8137,-73.949,back and knee pain after running
56,Lucia,Hassan,lucia.hassan56@example.com,+1-555-1056,1992-06-23,"883 Jackson Ave, Long Island City",New York,NY,11101,40.7485,-73.9433,dental cleaning and a cavity
57,Zain,Khan,zain.khan57@example.com,+1-555-1057,1970-06-30,"751 E 116th St, Bedford-Stuyvesant",Brooklyn,NY,11216,40.6906,-73.9527,joint swelling and lupus; sore throat and blocked nose
58,Tariq,Rossi,tariq.rossi58@example.com,+1-555-1058,1991-12-28,"780 31st Ave, Upper West Side",New York,NY,10024,40.7886,-73.9679,breast check and prenatal care; sore throat and blocked nose
59,Amelia,Wang,amelia.wang59@example.com,+1-555-1059,1947-10-19,"52 Jackson Ave, Forest Hills",New York,NY,11375,40.7339,-73.836,stomach pain and acid reflux; persistent cough and shortness of breath
60,Omar,Wang,omar.wang60@example.com,+1-555-1060,2001-03-08,"554 Atlantic Ave, Chelsea",New York,NY,10011,40.7462,-74.0133,palpitations and dizziness; chest pain and high blood pressure
61,Daniel,Singh,daniel.singh61@example.com,+1-555-1061,1950-12-05,"773 W 181st St, Financial District",New York,NY,10004,40.7016,-74.0215,persistent cough and shortness of breath; breast check and prenatal care
62,Kabir,Fernandez,kabir.fernandez62@example.com,+1-555-1062,1989-04-25,"875 Northern Blvd, Flushing",New York,NY,11354,40.7488,-73.8191,blood in urine and kidney stones
63,Leo,Tanaka,leo.tanaka63@example.com,+1-555-1063,1998-10-21,"160 Fort Washington Ave, Washington Heights",New York,NY,10032,40.8418,-73.9332,skin rash and itching; persistent cough and shortness of breath
64,Lucia,Patel,lucia.patel64@example.com,+1-555-1064,1988-04-12,"72 W 181st St, Forest Hills",New York,NY,11375,40.7251,-73.8429,chest pain and high blood pressure
65,Ivan,Sanchez,ivan.sanchez65@example.com,+1-555-1065,1970-08-14,"485 Bowery, Midtown",New York,NY,10001,40.7541,-73.9936,breast check and prenatal care
66,Vikram,Evans,vikram.evans66@example.com,+1-555-1066,1946-07-28,"306 Bowery, Williamsburg",Brooklyn,NY,11211,40.6979,-73.9569,joint swelling and lupus
67,Ravi,Gupta,ravi.gupta67@example.com,+1-555-1067,1951-09-11,"605 Lexington Ave, Bensonhurst",Brooklyn,NY,11214,40.5914,-73.9894,skin rash and itching
68,Noah,Costa,noah.costa68@example.com,+1-555-1068,1955-02-10,"730 St Nicholas Ave, Sunnyside",New York,NY,11104,40.7368,-73.9101,breast check and prenatal care; back and knee pain after running
69,Sofia,Khan,sofia.khan69@example.com,+1-555-1069,1989-02-10,"707 Bowery, Harlem",New York,NY,10027,40.8093,-73.941,chest pain and high blood pressure
70,Quinn,Jensen,quinn.jensen70@example.com,+1-555-1070,1974-09-22,"11 Fort Washington Ave, Bensonhurst",Brooklyn,NY,11214,40.606,-73.9819,hearing loss and sinus infections
71,Elena,Zhang,elena.zhang71@example.com,+1-555-1071,1967-09-20,"391 Lexington Ave, Flushing",New York,NY,11354,40.7564,-73.817,chest pain and high blood pressure; blurred vision and eye strain
72,Yara,Bose,yara.bose72@example.com,+1-555-1072,1949-05-01,"297 Riverside Dr, Bay Ridge",Brooklyn,NY,11209,40.6192,-74.0261,back and knee pain after running
73,Grace,Fernandez,grace.fernandez73@example.com,+1-555-1073,1973-04-25,"204 St Nicholas Ave, Park Slope",Brooklyn,NY,11215,40.6792,-73.9795,breast check and prenatal care
74,Amelia,Torres,amelia.torres74@example.com,+1-555-1074,1952-03-25,"60 Main St, Bensonhurst",Brooklyn,NY,11214,40.5988,-73.9839,chemotherapy follow-up and scan results; skin rash and itching
75,Leo,Muller,leo.muller75@example.com,+1-555-1075,1987-05-13,"434 Fort Washington Ave, Washington Heights",New York,NY,10032,40.8425,-73.9449,sore throat and blocked nose; recurring migraine headaches
76,Kabir,Khan,kabir.khan76@example.com,+1-555-1076,1995-01-01,"694 Northern Blvd, Long Island City",New York,NY,11101,40.7356,-73.9451,joint swelling and lupus
77,Daniel,Evans,daniel.evans77@example.com,+1-555-1077,1964-09-27,"473 Fort Washington Ave, Financial District",New York,NY,10004,40.7194,-74.0125,chemotherapy follow-up and scan results
78,Farhan,Novak,farhan.novak78@example.com,+1-555-1078,1960-09-03,"360 Cortelyou Rd, Flushing",New York,NY,11354,40.7492,-73.8353,persistent cough and shortness of breath
79,Kabir,Torres,kabir.torres79@example.com,+1-555-1079,1982-01-13,"402 Main St, Forest Hills",New York,NY,11375,40.7365,-73.854,chest pain and high blood pressure
80,Kate,Ito,kate.ito80@example.com,+1-555-1080,1996-07-10,"378 Jackson Ave, Washington Heights",New York,NY,10032,40.8522,-73.9383,back and knee pain after running
81,Ivan,Bose,ivan.bose81@example.com,+1-555-1081,1980-11-12,"671 Bowery, Park Slope",Brooklyn,NY,11215,40.6708,-73.9823,thyroid and diabetes follow-up
82,Amelia,Costa,amelia.costa82@example.com,+1-555-1082,1997-09-05,"511 Broadway, Washington Heights",New York,NY,10032,40.8375,-73.9287,joint swelling and lupus
83,Tessa,Weber,tessa.weber83@example.com,+1-555-1083,1954-10-14,"239 Jackson Ave, Chelsea",New York,NY,10011,40.7381,-73.9901,stomach pain and acid reflux
84,Ethan,Wang,ethan.wang84@example.com,+1-555-1084,1948-07-19,"11 Jackson Ave, Chelsea",New York,NY,10011,40.7401,-73.9913,chemotherapy follow-up and scan results
85,Lucia,Costa,lucia.costa85@example.com,+1-555-1085,1953-12-03,"82 Church Ave, Park Slope",Brooklyn,NY,11215,40.673,-73.9758,abdominal pain and gallbladder; hearing loss and sinus infections
86,Omar,Gupta,omar.gupta86@example.com,+1-555-1086,1993-03-22,"318 Bowery, Long Island City",New York,NY,11101,40.7394,-73.9529,chest pain and high blood pressure; annual check-up and blood pressure
87,Jia,Muller,jia.muller87@example.com,+1-555-1087,1967-03-02,"39 Main St, Financial District",New York,NY,10004,40.7124,-74.0159,chemotherapy follow-up and scan results
88,Amelia,Evans,amelia.evans88@example.com,+1-555-1088,1968-01-30,"243 Main St, Midtown",New York,NY,10001,40.7651,-73.991,abdominal pain and gallbladder; persistent cough and shortness of breath
89,Ben,Silva,ben.silva89@example.com,+1-555-1089,2006-03-28,"415 Roosevelt Ave, Bedford-Stuyvesant",Brooklyn,NY,11216,40.6754,-73.9468,abdominal pain and gallbladder; anxiety and sleep problems
90,Tariq,Bose,tariq.bose90@example.com,+1-555-1090,1972-12-19,"794 Roosevelt Ave, Flushing",New York,NY,11354,40.7525,-73.8357,skin rash and itching
91,Leo,Chen,leo.chen91@example.com,+1-555-1091,1961-10-21,"927 Atlantic Ave, Sunnyside",New York,NY,11104,40.7428,-73.9098,annual check-up and blood pressure
92,Chloe,Patel,chloe.patel92@example.com,+1-555-1092,1964-02-08,"34 E 116th St, Jackson Heights",New York,NY,11372,40.741,-73.8945,palpitations and dizziness
93,Chloe,Dubois,chloe.dubois93@example.com,+1-555-1093,1955-02-27,"91 Queens Blvd, Bensonhurst",Brooklyn,NY,11214,40.5959,-73.9975,fever and vaccinations for my child
94,Tessa,Singh,tessa.singh94@example.com,+1-555-1094,2004-08-11,"752 Northern Blvd, Chelsea",New York,NY,10011,40.7546,-73.9898,blurred vision and eye strain
95,Ravi,Dubois,ravi.dubois95@example.com,+1-555-1095,1970-02-07,"92 St Nicholas Ave, Astoria",New York,NY,11103,40.7625,-73.9143,persistent cough and shortness of breath
96,Vikram,Tanaka,vikram.tanaka96@example.com,+1-555-1096,1972-09-11,"851 Main St, Flushing",New York,NY,11354,40.7491,-73.8241,anxiety and sleep problems
97,Isla,Jensen,isla.jensen97@example.com,+1-555-1097,1974-01-03,"382 W 181st St, Crown Heights",Brooklyn,NY,11213,40.6581,-73.9463,skin rash and itching
98,Priya,Barnes,priya.barnes98@example.com,+1-555-1098,1950-08-13,"832 Amsterdam Ave, Bensonhurst",Brooklyn,NY,11214,40.5942,-73.9841,blood in urine and kidney stones
99,Zain,Ito,zain.ito99@example.com,+1-555-1099,2000-05-09,"54 Flatbush Ave, Bay Ridge",Brooklyn,NY,11209,40.6359,-74.0255,fever and vaccinations for my child
100,Kate,Hassan,kate.hassan100@example.com,+1-555-1100,1947-03-06,"855 Atlantic Ave, Harlem",New York,NY,10027,40.8022,-73.9413,annual check-up and blood pressure; persistent cough and shortness of breath
